keyword,target_url
Shopify Development Services,https://tekglide.com/shopify-development/
Shopify Development Company,https://tekglide.com/shopify-development/
Shopify Development Agency,https://tekglide.com/shopify-development/
Magento Development Company,https://tekglide.com/magento-development-company/
Magento Development Services,https://tekglide.com/magento-development-company/
Magento Development Agency,https://tekglide.com/magento-development-company/
Wordpress Development Company,https://tekglide.com/wordpress-development/
Wordpress Development Services,https://tekglide.com/wordpress-development/
Wordpress Development Agency,https://tekglide.com/wordpress-development/
Wix Development Services,https://tekglide.com/wix-development/
Wix Development Company,https://tekglide.com/wix-development/
Wix Development Agency,https://tekglide.com/wix-development/
Webflow Development Agency,https://tekglide.com/webflow-development-agency/
Webflow Development Services,https://tekglide.com/webflow-development-agency/
Webflow Development Company,https://tekglide.com/webflow-development-agency/
eCommerce Development Company,https://tekglide.com/ecommerce-development-services/
eCommerce Development Services,https://tekglide.com/ecommerce-development-services/
eCommerce Development Agency,https://tekglide.com/ecommerce-development-services/
Shopify Plus Development Services,https://tekglide.com/shopify-plus-development/
Shopify Plus Development Agency,https://tekglide.com/shopify-plus-development-agency/
Shopify Plus Development Company,https://tekglide.com/shopify-plus-development/
BigCommerce Development Services,https://tekglide.com/bigcommerce-development-services/
BigCommerce Development Agency,https://tekglide.com/bigcommerce-development-services/
BigCommerce Development Company,https://tekglide.com/bigcommerce-development-services/
SEO Consulting Services,https://tekglide.com/seo-consulting-services/
SEO Consulting Agency,https://tekglide.com/seo-consulting-services/
SEO Consulting Company,https://tekglide.com/seo-consulting-services/
WooCommerce Development Agency,https://tekglide.com/woocommerce-development-agency/
WooCommerce Development Services,https://tekglide.com/woocommerce-development-agency/
WooCommerce Development Company,https://tekglide.com/woocommerce-development-agency/
Squarespace Development Services,https://tekglide.com/squarespace-development/
Squarespace Development Company,https://tekglide.com/squarespace-development/
Squarespace Development Agency,https://tekglide.com/squarespace-development/
ui/ux design services,https://tekglide.com/ui-ux-design-services/
wix website development services,https://tekglide.com/wix-development/

